UserName,Handle,Timestamp,Text     ,Comments,Likes,Retweets
Jimmy Tangree,@jimmy_tangree,2024-03-26T17:59:58.000Z,Gooooood Night..Sleep well & Have an awesome Wednesday ahead..Stay Happy & Healthy..God Bless #world #india #kolkata #calcutta #happy #healthy,,,
Direct Dilse,@jimmy_tangree,2024-03-26T17:59:47.000Z,Gooooood Night..Sleep well & Have an awesome Wednesday ahead..Stay Happy & Healthy..God Bless #world #india #kolkata #calcutta #happy #healthy,,,
Elizabeth,@jimmy_tangree,2024-03-26T17:57:30.000Z,Mekong Inspired Green Papaya Salad Recipe https://compassandfork.com/recipe/mekong-inspired-green-papaya-salad-recipe/?utm_campaign=coschedule&utm_source=twitter&utm_medium=CompassandFork&utm_content=Mekong%20Inspired%20Green%20Papaya%20Salad%20Recipe… #salad #healthy #recipe #foodforfoodies #delicious,,,1
Areas Iberia,@jimmy_tangree,2024-03-26T17:33:50.000Z,"¡Damos la bienvenida a tres nuevos rincones #healthy en el Aeropuerto Madrid-Barajas! Flax & Kale, La Place y Chia llegan para deleitar a los viajeros con opciones frescas, deliciosas y muy saludables.
¿Estas ready para un viaje lleno de sabores? Flax & Kale | Restaurants",,1,1
Operation Kindness,@jimmy_tangree,2024-03-26T17:31:01.000Z,"""Feelings are much like waves. We can't stop them from coming but we can choose which one to surf."" Jonatan Martensson

We all have #feelings. There are #healthy actions you can take to help you #cope with your feels

Thanks 
@Calm
 #youmatter #bekindtoyou #bekindtoothers",,,
Areas Iberia,@Areas_ES,2024-03-26T17:33:50.000Z,"¡Damos la bienvenida a tres nuevos rincones #healthy en el Aeropuerto Madrid-Barajas! Flax & Kale, La Place y Chia llegan para deleitar a los viajeros con opciones frescas, deliciosas y muy saludables.
¿Estas ready para un viaje lleno de sabores? Flax & Kale | Restaurants",,1,1
Operation Kindness,@Areas_ES,2024-03-26T17:31:01.000Z,"""Feelings are much like waves. We can't stop them from coming but we can choose which one to surf."" Jonatan Martensson

We all have #feelings. There are #healthy actions you can take to help you #cope with your feels

Thanks 
@Calm
 #youmatter #bekindtoyou #bekindtoothers",,,
Fit Kate,@Areas_ES,2024-03-26T17:19:52.000Z,"... my dinner today is called ""Keto doesn't have to be ugly""

#keto #nutrition  #eat #protein #lifestyle #fitness #diet #healthy #bodyweight #homeworkout #workout #exercise #fitness #health #exercise #fitnessgirl #FitnessMotivation #summer #sweat #fatloss…
Show more",,,
UnBEElievable Health,@Areas_ES,2024-03-26T17:17:52.000Z,"Those bees! The amazing health benefits of bee pollen, propolis & honey for immunity, energy, sleep & more.
@NewNatBusiness
 -> https://issuu.com/yourhealthylivingmagazine/docs/brm_spring19_web/42?e=1363589/68681200… #healthy",,2,3
Secret of Aging,@Areas_ES,2024-03-26T17:13:22.000Z,"Avocado is not only #healthy to eat, but is also great in #skincare! These Secret of Aging skincare products are best used for #moisturizing and #soothing #dry skin! #shop #avocado #secretofaging!with Avocado Archives -
From secretofaging.com",,,
WBM Sales Partner,@WBMIntlGroup,2024-03-26T17:00:16.000Z,"Bio, vegan, köstlich und ökologisch wurde YOGAN • Vegan Butters and Cheeses entstanden, um für einen gesünderen und nachhaltigeren Konsum beizutragen. 

#creamcheese #frishkäse #butter #cheese #milkalternative #oat #almond #cashew #alternativefood #Bio #healthy",,,
Emily Ramsey,@WBMIntlGroup,2024-03-26T16:53:00.000Z,"Efforts to promote #healthy eating in the workplace go beyond saving on healthcare costs. Improved dietary habits can also aid employees in reducing stress, balancing hormones, and  improving #engagement. https://sprou.tt/1H1FX6h67pO",,,
585MentalHealth,@WBMIntlGroup,2024-03-26T16:51:21.000Z,"Have you felt your #feelings today? 

There are a plethora of #healthy actions to process and cope with feelings and #emotions.

This 
@calm
 article tells morecalm.com
How to *actually* feel your feelings: a guide to processing your emotions — Calm Blog
Most of us know that feeling our feelings is important, but we don’t know why and we especially don’t know how. We’re going to break these down and help you start to re-relate to, and actually feel,...",,2,1
Recipes & Cookbooks,@cookbooksfree2,2024-03-26T16:29:47.000Z,"https://amazon.com/dp/B0CNS7MS1Z #Healthy Living, #Nutrition.",,,1
Recipes & Cookbooks,@cookbooksfree2,2024-03-26T16:25:19.000Z,https://amazon.com/dp/B0CP2VDRG9 #Healthy #Living,,,1
Background Opinion,@cookbooksfree2,2024-03-26T16:24:38.000Z,"Detoxification through Liver Cleansing: A Simple Way to Revitalize Your Health

#healthy #detoxnaturel 

https://naturalbodydetoxx.blogspot.com/2024/03/detoxification-through-liver-cleansing.html…5",,,
Recipes & Cookbooks,@cookbooksfree2,2024-03-26T16:23:55.000Z,"https://amazon.com/dp/B0CP5DJT64 #Healthy Living, #Nutrition",,,1
SixMD.com,@wagmiglobal_,2024-03-26T15:57:43.000Z,"Helps against psoriasis, dermatitis and eczema
https://sixmd.com/all-products/balms-medicated-oils/dibetalic-ointment-against-psoriasis-dermatitis-and-eczema/…

#dermatitis #cosmetic #cosmetics #skin #skincare #home #eu #aus #fr #kr #cn #nl #hk #taiwan #cream #doctor #dermatology #healthy #usa #canada #eu #australia #acnes #derma #store #shop #kr #aus #jp #fr #docDibetalic Ointment - Helps against psoriasis, dermatitis and eczema - 15 g - SIXMD - Vietnamese...
From sixmd.com",,,2
Joseph Hill,@wagmiglobal_,2024-03-26T15:55:45.000Z,"""Happy #NationalSpinachDay!""

Popeye Spinach
Photo By: Joseph Hill

#PopeyeSpinach
#spinach #healthy 
#delicious #yumPopeye Official and PopeyeSpinachOfficial",,3,22
Daniel Casanova,@wagmiglobal_,2024-03-26T15:55:39.000Z,"Replying to 
@eminam1969
 @Befasterfit
 and 4 othersJust Move!!
Running, Walking, Shopping, Working, Hiking ... 
For your Health, for the Fun, for your Quests, Challenges, Tournaments and Classements rewards ...

So many ways to enjoy BeFaster every day of your Life 

#running #walking #movetoearn #healthylifestyle #healthy #BSC",,3,3
SixMD.com,@SixmdC,2024-03-26T15:57:43.000Z,"Helps against psoriasis, dermatitis and eczema
https://sixmd.com/all-products/balms-medicated-oils/dibetalic-ointment-against-psoriasis-dermatitis-and-eczema/…

#dermatitis #cosmetic #cosmetics #skin #skincare #home #eu #aus #fr #kr #cn #nl #hk #taiwan #cream #doctor #dermatology #healthy #usa #canada #eu #australia #acnes #derma #store #shop #kr #aus #jp #fr #docDibetalic Ointment - Helps against psoriasis, dermatitis and eczema - 15 g - SIXMD - Vietnamese...
From sixmd.com",,,2
Joseph Hill,@SixmdC,2024-03-26T15:55:45.000Z,"""Happy #NationalSpinachDay!""

Popeye Spinach
Photo By: Joseph Hill

#PopeyeSpinach
#spinach #healthy 
#delicious #yumPopeye Official and PopeyeSpinachOfficial",,3,22
Daniel Casanova,@SixmdC,2024-03-26T15:55:39.000Z,"Replying to 
@eminam1969
 @Befasterfit
 and 4 othersJust Move!!
Running, Walking, Shopping, Working, Hiking ... 
For your Health, for the Fun, for your Quests, Challenges, Tournaments and Classements rewards ...

So many ways to enjoy BeFaster every day of your Life 

#running #walking #movetoearn #healthylifestyle #healthy #BSC",,3,3
SixMD.com,@SixmdC,2024-03-26T15:52:39.000Z,"Diep Ha Chau Fito Pharma – Liver detoxification, improved blood circulation
https://sixmd.com/all-products/functional-food/diep-ha-chau-fito-pharma/…

#vietnam #herbs #organic #shopping #doctor #medicine #natural #asia #detox #health #eu #au #nl #fr #taiwan #singapore #herbalsupplements #asia #healthy #supplements #liverDiep Ha Chau Fito Pharma - Liver detoxification, improved blood circulation - 40 capsules - SIXMD -...
From sixmd.com",,,2
Prevail Strength and Conditioning,@SixmdC,2024-03-26T15:45:27.000Z,#fitness #gym #workout #fitnessmotivation #fit #motivation #bodybuilding #training #health #love #lifestyle #healthylifestyle #sport #gymlife #healthy #gymmotivation #personaltrainer #muscle #exercise #taylorswift #Joerogan,,,2
Nutripot,@SixmdC,2024-03-26T15:41:30.000Z,"Nutripot’s yummy peanut butter is available for # 3000

Send a DM to order or click on the link on the bio to order.
.
.
.
.
#peanutbutter #healthyfood #food #vegan #breakfast #foodie #healthy #foodporn #yummy #healthylifestyle #peanutbutterlover #homemade #delicious #pea",1,,
Microbiome Plus+,@karma_shopping,2024-03-26T15:31:11.000Z," Start your day with a smile and a plate full of goodness. Fuel your Tuesday with the delicious energy of healthy choices! 

.
#microbiomeplus #guthealth #prebiotics #probiotics #viralreels #reels #trendingreels #viral #healthhabits  #healthy #healthyfood #tiktok #fyp #meme",,,
Tom Dowd,@karma_shopping,2024-03-26T15:29:15.000Z,"F45 Training Partners With Telehealth Leader Dr. B to Help More Members Reach Fitness Goals While Saving Money | Business Wire #f45 #fitness #healthy #inspiredtobebetter #workout #newsF45 Training Partners With Telehealth Leader Dr. B to Help More Members Reach Fitness Goals While...
From businesswire.com",,,1
"Liudmila - B2B and B2C Copywriter, Translator",@karma_shopping,2024-03-26T15:25:17.000Z,"Replying to 
@QuickFindGlobal4/10: By incorporating regular walks into your routine, you can improve your overall physical health and mobility. Not to mention the positive impact it can have on your mental health, helping to reduce anxiety and depression #HealthyHabits #WellnessWednesday #hiking #healthy",2,,
Microbiome Plus+,@Microbiomeplus,2024-03-26T15:31:11.000Z," Start your day with a smile and a plate full of goodness. Fuel your Tuesday with the delicious energy of healthy choices! 

.
#microbiomeplus #guthealth #prebiotics #probiotics #viralreels #reels #trendingreels #viral #healthhabits  #healthy #healthyfood #tiktok #fyp #meme",,,
Tom Dowd,@Microbiomeplus,2024-03-26T15:29:15.000Z,"F45 Training Partners With Telehealth Leader Dr. B to Help More Members Reach Fitness Goals While Saving Money | Business Wire #f45 #fitness #healthy #inspiredtobebetter #workout #newsF45 Training Partners With Telehealth Leader Dr. B to Help More Members Reach Fitness Goals While...
From businesswire.com",,,1
"Liudmila - B2B and B2C Copywriter, Translator",@Microbiomeplus,2024-03-26T15:25:17.000Z,"Replying to 
@QuickFindGlobal4/10: By incorporating regular walks into your routine, you can improve your overall physical health and mobility. Not to mention the positive impact it can have on your mental health, helping to reduce anxiety and depression #HealthyHabits #WellnessWednesday #hiking #healthy",2,,
